date,open,high,low,close,volume,foreign_ratio
2026-05-11,284500,288500,280000,285500,36031094,49.07
2026-05-12,290000,291500,266000,279000,41211149,48.91
2026-05-13,264000,285500,262000,284000,35540134,48.83
2026-05-14,282000,299500,282000,296000,39314752,48.85
2026-05-15,291000,296500,266000,270500,38075487,48.69
2026-05-18,269500,288500,262000,281000,33555214,48.61
2026-05-19,274000,281500,266000,275500,30767569,48.42
2026-05-20,278000,282500,263500,276000,35662077,48.33
2026-05-21,291000,299500,287000,299500,36168689,48.39
2026-05-22,300000,300500,292000,292500,18395274,48.32
2026-05-26,298000,302000,297500,299000,23441371,48.37
2026-05-27,321500,323000,306000,307000,33916688,48.39
2026-05-28,305000,306500,287500,299500,30195334,48.29
2026-05-29,309500,319000,305500,317000,37241537,48.29
2026-06-01,319500,354500,319500,349000,45052488,48.3
2026-06-02,360500,370000,342000,360500,44720282,48.07
2026-06-04,349000,366000,348000,351500,34771037,47.81
2026-06-05,333500,343000,325000,329000,33725012,47.73
2026-06-08,293000,315500,292500,295500,38929682,47.7
2026-06-09,310000,324000,300000,322000,30124249,47.68
2026-06-10,311000,314500,295250,302500,27050362,47.61
2026-06-11,290500,306500,287500,299000,31420307,47.58
2026-06-12,326000,339000,320000,322500,31006148,47.63
2026-06-15,342500,344500,334000,337000,21500067,47.6
2026-06-16,343000,345500,332500,343000,17548685,47.6
2026-06-17,332000,348000,331500,346500,18134051,47.57
2026-06-18,345000,363000,344500,362500,32764450,47.62
2026-06-19,372500,374500,346250,354000,43284898,47.56
2026-06-22,343000,363000,342000,353500,24330451,47.52
2026-06-23,347500,353000,310000,310000,41266630,47.43
2026-06-24,314000,341000,314000,340500,47809959,47.41
2026-06-25,359500,362500,352000,358500,36157158,47.37
2026-06-26,354000,356500,321500,339500,39735951,47.24
2026-06-29,331000,335500,316000,323000,35436521,47.01
2026-06-30,323500,343000,321000,334000,29237216,46.96
2026-07-01,334500,339000,311500,314500,24968382,46.88
2026-07-02,290000,304000,281500,286000,38905074,46.76
2026-07-03,288500,313000,283500,309500,31520538,46.72
2026-07-06,320000,325000,303000,318000,23872879,46.69
2026-07-07,307000,310000,286000,296000,32421032,46.58
2026-07-08,285500,300000,273500,277500,33525758,46.55
2026-07-09,288500,291500,267500,278000,29703616,46.57
2026-07-10,291000,298000,282000,285000,20088811,46.59
2026-07-13,285000,292500,253000,254500,31882652,46.58
2026-07-14,255000,270000,247000,263000,40086496,46.58
2026-07-15,283500,284500,273000,279500,24873414,46.6
2026-07-16,264500,265500,252500,255000,27001478,46.56
2026-07-20,241000,257500,240000,244000,26804038,46.59
2026-07-21,247000,263500,243000,259000,20386896,46.63
2026-07-22,276000,276000,260000,260500,22292003,46.71
2026-07-23,269000,273000,263000,270000,16011816,46.76
2026-07-24,266000,266500,247000,249500,26175580,46.71
2026-07-27,257000,258500,246000,254000,23296044,46.66
2026-07-28,238500,240000,218500,220000,41639623,46.54
2026-07-29,226500,234000,189200,208500,65555523,46.5
2026-07-30,214000,226000,202000,207000,46694193,46.53
2026-07-31,257000,267000,243000,262500,58478873,46.7
2026-08-03,248000,249500,238000,239500,27825493,46.61
2026-08-04,244500,244500,228000,240000,29433821,46.63
2026-08-05,254000,254500,244000,246000,22577128,46.68
2026-08-06,241500,246000,228000,230500,26101823,46.63
2026-08-07,235000,239500,229000,231000,20546010,46.61
2026-08-10,236000,238500,228500,230000,16327805,46.53
2026-08-11,229500,243000,227500,239500,23310969,46.6
2026-08-12,243500,260500,241000,255500,27102479,46.71
2026-08-13,267500,271000,262500,268000,35530867,46.7
2026-08-14,275000,275500,266000,274500,21669476,46.8
2026-08-18,283000,288000,265000,268500,24464621,46.83
2026-08-19,251500,254500,246500,247500,22788552,46.75
2026-08-20,257000,273000,252500,271000,26095919,46.86
2026-08-21,267000,285000,266000,281500,27746471,46.87
2026-08-24,271500,272000,255000,257000,32451940,46.74
2026-08-25,249000,258000,245000,257000,21617407,46.65
2026-08-26,256500,266500,255500,261500,19532523,46.71
2026-08-27,270000,271000,262500,266000,16829395,46.75
2026-08-28,262500,266000,256000,257000,15106746,46.72
2026-08-31,249000,260000,246000,260000,18270969,46.72
2026-09-01,256500,262500,254000,261000,15319615,46.71
2026-09-02,252000,255500,249500,250500,15176841,46.69
2026-09-03,254000,255000,243000,250000,13756022,46.71
2026-09-04,254000,259000,252500,255500,14031862,46.73
2026-09-07,267000,270000,264000,270000,18314016,46.79
2026-09-08,272000,279000,269000,269500,22716517,46.85
2026-09-09,269500,275000,267500,269500,16370962,46.81
2026-09-10,269000,270500,263500,269000,22517075,46.71
2026-09-11,258000,261500,256500,259500,13939111,46.64
2026-09-14,249500,254500,247000,248500,17776098,46.57
2026-09-15,248000,252000,246000,250500,11435506,46.56
2026-09-16,248000,254000,247500,253500,11757106,46.52
2026-09-17,257000,259000,251500,256000,11827514,46.48
2026-09-18,261000,262000,257500,260000,17489615,46.46
2026-09-21,264000,275000,263500,275000,22261519,46.56
2026-09-22,283000,283500,271500,277500,18157410,46.55
2026-09-23,284500,286500,281000,286500,20864376,46.64
2026-09-28,284500,285500,268500,270000,21346064,46.52
2026-09-29,266000,276000,266000,275000,15963864,46.47
2026-09-30,274500,276000,267500,269500,16477580,46.4
2026-10-01,266500,276000,264500,274500,13741073,46.41
2026-10-02,273500,277000,271500,276000,11501250,46.41
2026-10-06,278500,279000,270000,273000,12913819,46.37
